[
{"author": "Albert Einstein", "tags": ["change", "deep-thoughts", "thinking", "world"], "quotes": "“The world as we have created it is a process of our thinking. It cannot be changed without changing our thinking.”"},
{"author": "J.K. Rowling", "tags": ["abilities", "choices"], "quotes": "“It is our choices, Harry, that show what we truly are, far more than our abilities.”"},
{"author": "Albert Einstein", "tags": ["inspirational", "life", "live", "miracle", "miracles"], "quotes": "“There are only two ways to live your life. One is as though nothing is a miracle. The other is as though everything is a miracle.”"},
{"author": "Jane Austen", "tags": ["aliteracy", "books", "classic", "humor"], "quotes": "“The person, be it gentleman or lady, who has not pleasure in a good novel, must be intolerably stupid.”"},
{"author": "Marilyn Monroe", "tags": ["be-yourself", "inspirational"], "quotes": "“Imperfection is beauty, madness is genius and it's better to be absolutely ridiculous than absolutely boring.”"},
{"author": "Albert Einstein", "tags": ["adulthood", "success", "value"], "quotes": "“Try not to become a man of success. Rather become a man of value.”"},
{"author": "André Gide", "tags": ["life", "love"], "quotes": "“It is better to be hated for what you are than to be loved for what you are not.”"},
{"author": "Thomas A. Edison", "tags": ["edison", "failure", "inspirational", "paraphrased"], "quotes": "“I have not failed. I've just found 10,000 ways that won't work.”"},
{"author": "Eleanor Roosevelt", "tags": ["misattributed-eleanor-roosevelt"], "quotes": "“A woman is like a tea bag; you never know how strong it is until it's in hot water.”"},
{"author": "Steve Martin", "tags": ["humor", "obvious", "simile"], "quotes": "“A day without sunshine is like, you know, night.”"}
]